nome;website;telefone;endereco;cidade;uf;categoria;nota;avaliacoes
Prótese Capilar Porto Alegre;http://www.protesecapilarpoa.com.br;(51) 98488-4040;R. Tobias da Silva, 85 - Sl 301 - Moinhos de Vento, Porto Alegre - RS, 90570-020, Brasil;Porto Alegre;RS;Salão de Beleza;4.8;24
Prótese capilar FC porto alegre;;(51) 99228-7442;R. Vig. José Inácio, 371 - Centro Histórico, Porto Alegre - RS, 90020-100, Brasil;Porto Alegre;RS;Barbearia;4.8;6
Cabelo Mais Men;;(51) 93257-7370;Rua Dona Laura, 27 - 2 - Rio Branco, Porto Alegre - RS, 90430-091, Brasil;Porto Alegre;RS;Loja de perucas;4.6;25
Prótese Capilar em Porto Alegre;https://www.megahairdecabelo.com.br/protesecapliarportoalegre;(51) 99912-0354;R. Riachuelo, 1595 - Centro Histórico, Porto Alegre - RS, 90010-271, Brasil;Porto Alegre;RS;Serviço de tratamento para a queda de cabelo;4.2;5
Renova Protese Capilar;https://www.renovaprotesecapilar.com.br;(51) 99997-9279;Avenida Dona - Adda Mascarenhas de Moraes, 1556 - Jardim Itu, Porto Alegre - RS, 91220-140, Brasil;Porto Alegre;RS;Fornecedor de extensões capilares;5.0;21
Gabriel Steinert - Prótese Capilar;;(51) 99367-7019;R. Dr. Sebastião Leão, 136 - Cidade Baixa, Porto Alegre - RS, 90050-090, Brasil;Porto Alegre;RS;Loja de perucas;5.0;5
Cabelo Mais;http://www.cabelomais.com.br;(51) 93103-9709;Rua Dona Laura, 27 - Rio Branco, Porto Alegre - RS, 90430-091, Brasil;Porto Alegre;RS;Cabeleireiro;4.7;430
novofio Porto Alegre Wallig Clínica Capilar;https://novofio.com.br/porto-alegre;(51) 99010-4877;Av. Grécia, 817 - Passo d'Areia, Porto Alegre - RS, 91350-070, Brasil;Porto Alegre;RS;Clínica de implante capilar;4.9;34
icb - Transplante Capilar em Porto Alegre;https://www.icbtransplantecapilar.com.br/porto-alegre;(51) 99908-4038;Torre Norte Saude, Medplex - R. Gomes Jardim, 201 - Sl 707 - Santana, Porto Alegre - RS, 90620-130, Brasil;Porto Alegre;RS;Clínica de implante capilar;4.8;117
