nome;website;telefone;endereco;cidade;uf;categoria
Pizzaria Dona Luzia;https://pizzariadonaluzia.com.br;(51) 3545-4522;Av. Pres. Tancredo de Almeida Neves, 705;Igrejinha;RS;Pizzaria
DeTales Pizzaria;https://detalesigrejinha.com.br;(51) 99512-8030;R. 7 de Setembro, 220 - Bom Pastor;Igrejinha;RS;Pizzaria
Pizzaria Duvido Igual;;(51) 3545-3942;R. Anita Garibaldi, 775 - Figueira;Igrejinha;RS;Pizzaria
Don Leopoldo Pizzaria;;(51) 3545-3000;R. Independência, 358 - Centro;Igrejinha;RS;Pizzaria
Cavalini Pizzaria;;(51) 99521-9591;Av. Ildo Meneghetti, 730 - 15 de Novembro;Igrejinha;RS;Pizzaria
Pizzaria Império da Pizza;;(51) 99552-6980;;Igrejinha;RS;Pizzaria
DICON Contabilidade;https://www.diconcontabil.com.br;(51) 99977-3266;Av. Primeiro de Março, 910 - Pátria Nova;Novo Hamburgo;RS;Contabilidade
Nova Contabilidade;https://www.novacontabil.com.br;(51) 3582-1597;;Novo Hamburgo;RS;Contabilidade
Padrão Contabilidade;http://www.padraocontabil.com.br;;;Novo Hamburgo;RS;Contabilidade
Innova Contabilidade;https://innovacontabilidade.net;;;Novo Hamburgo;RS;Contabilidade
Contabiliza Online;https://contabilizaonline.com.br;;;Novo Hamburgo;RS;Contabilidade
Conta Fácil Gestão;https://contafacilgestao.com.br;;;Novo Hamburgo;RS;Contabilidade
La Hacienda Hotel;https://www.lahacienda.com.br;(54) 99171-7798;Estrada Serra Grande, 4200;Gramado;RS;Hotel
Restaurante Höppner;https://www.rittahoppner.com.br;(54) 3286-1372;;Gramado;RS;Restaurante
